{"cameraMode":{"drawMode":0,"name":"Shaded","section":"Shading Mode"},"sceneLighting":true,"audioPlay":false,"sceneViewState":{"showFog":true,"showMaterialUpdate":false,"showSkybox":true,"showFlares":true,"showImageEffects":true,"showParticleSystems":true},"in2DMode":false,"pivot":{"x":-0.3804006576538086,"y":5.668089389801025,"z":-0.6908097267150879},"rotation":{"x":0.23058581352233888,"y":0.5166516304016113,"z":-0.1468578279018402,"w":0.8114113211631775},"size":5.276341915130615,"orthographic":false}