{"cameraMode":{"drawMode":0,"name":"Shaded","section":"Shading Mode"},"sceneLighting":false,"audioPlay":false,"sceneViewState":{"showFog":true,"showMaterialUpdate":false,"showSkybox":true,"showFlares":true,"showImageEffects":true,"showParticleSystems":true},"in2DMode":false,"pivot":{"x":3.3650455474853517,"y":0.8276093006134033,"z":2.679551839828491},"rotation":{"x":0.14618225395679475,"y":-0.12515737116336823,"z":0.018623894080519677,"w":0.9811601638793945},"size":1.8180336952209473,"orthographic":false}