{"cameraMode":{"drawMode":0,"name":"Shaded","section":"Shading Mode"},"sceneLighting":false,"audioPlay":false,"sceneViewState":{"showFog":true,"showMaterialUpdate":false,"showSkybox":true,"showFlares":true,"showImageEffects":true,"showParticleSystems":true},"in2DMode":false,"pivot":{"x":-0.4362044930458069,"y":3.629141092300415,"z":-0.036002613604068759},"rotation":{"x":0.13316687941551209,"y":0.3822673261165619,"z":-0.05582965165376663,"w":0.9127340912818909},"size":3.055326223373413,"orthographic":false}