{"cameraMode":{"drawMode":0,"name":"Shaded","section":"Shading Mode"},"sceneLighting":false,"audioPlay":false,"sceneViewState":{"showFog":true,"showMaterialUpdate":false,"showSkybox":true,"showFlares":true,"showImageEffects":true,"showParticleSystems":true},"in2DMode":false,"pivot":{"x":-1.226285696029663,"y":1.9840621948242188,"z":1.8977041244506837},"rotation":{"x":0.37260037660598757,"y":0.3423347473144531,"z":-0.15019643306732179,"w":0.8493923544883728},"size":4.0808000564575199,"orthographic":false}