{"cameraMode":{"drawMode":0,"name":"Shaded","section":"Shading Mode"},"sceneLighting":false,"audioPlay":false,"sceneViewState":{"showFog":true,"showMaterialUpdate":false,"showSkybox":true,"showFlares":true,"showImageEffects":true,"showParticleSystems":true},"in2DMode":false,"pivot":{"x":2.040881633758545,"y":3.6927762031555177,"z":1.0775233507156373},"rotation":{"x":0.16678772866725923,"y":-0.12327482551336289,"z":0.020978255197405816,"w":0.9780613780021668},"size":3.1010138988494875,"orthographic":false}